"","site","min.da.CM","min.da.ca"
"1",1,5.35924640881383,5.43881917331327
"2",2,5.34242122501919,6.2352682380151
"3",3,10.429867375407,9.99062565608381
"4",4,6.31817517523508,6.74331861919634
"5",5,6.40485264387138,6.25874060814155
"6",6,6.7305913300462,5.38733004372296
"7",7,4.79233876944811,3.77934200622278
"8",8,0,0
"9",9,4.56818918818287,3.80898162242876
"10",10,4.14061891667617,3.80370871650288
"11",11,0,0
"12",12,3.66718416005482,3.81617937209456
"13",13,3.81708201117734,3.8068155983709
"14",14,0,0
"15",15,5.2452736142909,3.81713688515358
"16",16,5.85045548517994,5.65451571754823
"17",17,5.64868384928309,3.80438667855937
"18",18,0,0
"19",19,3.6968667388648,3.83817287260488
"20",20,4.83405098976096,5.60477983510503
"21",21,5.23299348910584,5.02925213128155
"22",22,5.22931707982654,6.21970738861564
"23",23,5.70463517753801,7.08278553960234
"24",24,9.71971071953065,9.70591371278356
"25",25,9.67957411155756,9.5686661034859
"26",26,8.00717890702523,9.98254301267968
"27",27,6.79536418588747,8.61335944913481
"28",28,4.96578973200977,5.47811956788093
"29",29,6.43981115935056,6.91147950875932
"30",30,8.89781591536128,9.41311345942457
"31",31,8.16421278786466,8.47017178102074
"32",32,4.71777520445991,5.91952945765117
"33",33,5.38029000055857,5.5948798914722
"34",34,5.09666894282952,3.83394431362794
"35",35,0,0
"36",36,4.85477972619416,3.79971025211134
"37",37,4.72340077489271,3.8201138726483
"38",38,0,0
"39",39,4.69103323434015,3.83405346858909
"40",40,3.63490651430511,3.8052659565397
"41",41,0,0
"42",42,4.29356119113962,3.8212525433423
"43",43,5.59570140947128,5.41940633280067
"44",44,4.16772608334883,3.85834757376782
"45",45,0,0
"46",46,4.86781728225956,3.80475032032327
"47",47,6.65695389511868,6.30265531343735
"48",48,7.06596623471534,6.86029664081663
"49",49,8.67746123609997,7.94751344761366
"50",50,6.43074081249093,5.34594781119307
"51",51,8.28091604954314,8.16198780935135
"52",52,10.5816020104565,9.40285919282002
"53",53,7.88167670040422,7.41310805263218
"54",54,9.1246178122926,9.48299572919866
"55",55,12.8996666094799,12.891669054083
