"","site","da1"
"1",1,14.5864009275096
"2",2,11.1907412285324
"3",3,13.6030254548219
"4",4,12.3516441051457
"5",5,16.204558761851
"6",6,16.0860758664514
"7",7,18.3556823543895
"8",8,18.8317764446867
"9",9,18.4900571007647
"10",10,13.9982777655265
"11",11,18.3408804828418
"12",12,15.0589126544025
"13",13,16.0338667527113
"14",14,13.6174154520028
"15",15,13.2195867086394
"16",16,9.00939683021853
"17",17,10.3531175967048
"18",18,9.19205796886713
"19",19,12.6958746363895
"20",20,13.1755755998522
"21",21,18.0620277793499
"22",22,21.026544490443
"23",23,18.8185779602119
"24",24,14.8702262675206
"25",25,15.3572239714142
"26",26,10.5128410749996
"27",27,8.71984575984366
"28",28,6.98498072476037
"29",29,4.47177811149819
"30",30,3.7458399616248
"31",31,8.62586727177926
"32",32,8.29819988460327
"33",33,11.0131899998693
"34",34,13.0452291597956
"35",35,9.6196764227435
"36",36,7.80687848235549
"37",37,0
"38",38,4.48078135245555
"39",39,8.67300862866452
"40",40,11.2288602893245
"41",41,13.7457873126293
"42",42,16.285987719952
"43",43,14.4742811134703
"44",44,12.1517627951577
"45",45,11.5885786511218
"46",46,6.54303813689903
"47",47,5.12476519456574
"48",48,5.24046309911193
"49",49,7.53401998971378
"50",50,11.2127709494051
"51",51,12.9698690697351
"52",52,15.5821977826599
"53",53,15.0400625010777
"54",54,13.2020928809462
