"","site","sum.inv.da.CM","sum.inv.da.CA"
"1",1,0.0685570076518344,0.0692649040461251
"2",2,0.089359585712728,0.0840117234744665
"3",3,0.0735130580561787,0.0840933102426498
"4",4,0.0809608819269168,0.0849001948198898
"5",5,0.0617110292662962,0.0721134208540265
"6",6,0.0621655653188586,0.0731886799596084
"7",7,0.0544790425489611,0.0605004437970823
"8",8,0.0531017348754768,0.0596844860118599
"9",9,0.0540831212445873,0.0605035972701438
"10",10,0.0714373594202206,0.0695833198065185
"11",11,0.0545230094561446,0.0642266897751222
"12",12,0.0664058569798299,0.0734722721109607
"13",13,0.0623679874245496,0.0657381524307629
"14",14,0.073435374247389,0.0741396170419899
"15",15,0.0756453300727221,0.0760859334901358
"16",16,0.110995221860568,0.103754450839363
"17",17,0.0965892631528001,0.110732466300538
"18",18,0.108789566317677,0.113505389871095
"19",19,0.0787657430968759,0.0829700303143452
"20",20,0.0758980123806672,0.0768473806559205
"21",21,0.0553647692394365,0.0622600886780559
"22",22,0.0475589320182648,0.0568393311364312
"23",23,0.0531389779883633,0.056360869895631
"24",24,0.0672484723506992,0.0668759567022393
"25",25,0.0651159351365448,0.0745329140430989
"26",26,0.0951217651694632,0.103254754607269
"27",27,0.114680927569289,0.118030977577167
"28",28,0.143164317756125,0.167796775528692
"29",29,0.223624691356827,0.189102432415292
"30",30,0.266962820153758,0.212901750918619
"31",31,0.115930371809875,0.153716900439618
"32",32,0.120508063665161,0.128633003310293
"33",33,0.090800213199978,0.097197482864521
"34",34,0.0766563766531538,0.100877256116145
"35",35,0.103953600521919,0.148863897689113
"36",36,0.128092169265875,0.264360015036965
"37",37,NA,NA
"38",38,0.223175361915837,0.261674639474687
"39",39,0.115300242720268,0.138292801473008
"40",40,0.0890562331558011,0.0985673912788489
"41",41,0.0727495615388452,0.0754671645238757
"42",42,0.0614024778352804,0.064217822366633
"43",43,0.069088059860145,0.0667640691962565
"44",44,0.0822925872449126,0.0782029283999674
"45",45,0.086291859433788,0.0916376154878581
"46",46,0.152834200118836,0.135498661954525
"47",47,0.195130891276812,0.182851107156646
"48",48,0.190822830174964,0.222359342171873
"49",49,0.132731264499603,0.156842776623453
"50",50,0.0891840210160589,0.108875420588803
"51",51,0.0771017806442993,0.106442519343457
"52",52,0.0641757994570453,0.0767300677337513
"53",53,0.0664890853963101,0.0776011111004397
"54",54,0.0757455661778627,0.0825839268821985
