POS;SEQ;SCORE
12;D;1.015
13;N;1.818
14;L;1.135
15;V;-0.9324
16;I;-0.6326
17;A;-1.471
18;L;-0.4655
19;H;-0.2814
20;S;-0.6184
21;Y;-0.7518
22;E;0.9568
23;P;-0.5346
24;S;0.5307
25;H;0.2101
26;D;1.974
27;G;1.052
28;D;-0.6889
29;L;-1.236
30;G;-0.7649
31;F;-0.4532
32;E;1.937
33;K;-0.06233
34;G;-0.9208
35;E;-0.4746
36;Q;0.8027
37;L;-0.2631
38;R;1.24
39;I;-0.6616
40;L;-0.2322
41;E;-0.00353
42;Q;0.9515
43;S;0.607
44;G;0.9437
45;E;0.1067
46;W;-0.9463
47;W;-0.1619
48;K;0.4821
49;A;-0.976
50;Q;0.07665
51;S;-0.6265
52;L;1.359
53;T;1.773
54;T;-0.02373
55;G;-0.4687
56;Q;1.962
57;E;0.01209
58;G;-1.445
59;F;1.008
60;I;-0.6663
61;P;-1.254
62;F;-0.7113
63;N;-1.113
64;F;-0.05358
65;V;-1.135
