"","site","min.da.CM","min.da.CA"
"1",1,14.5864009275096,14.4373259989515
"2",2,11.1907412285324,11.9031006464702
"3",3,13.6030254548219,11.8915523376891
"4",4,12.3516441051457,11.7785359871251
"5",5,16.204558761851,13.8670442777111
"6",6,16.0860758664514,13.6633151540905
"7",7,18.3556823543895,16.5288043729727
"8",8,18.8317764446867,16.7547727528606
"9",9,18.4900571007647,16.5279428847029
"10",10,13.9982777655265,14.3712602787647
"11",11,18.3408804828418,15.5698511553579
"12",12,15.0589126544025,13.6105767695568
"13",13,16.0338667527113,15.2118665192671
"14",14,13.6174154520028,13.4880653542308
"15",15,13.2195867086394,13.143033858284
"16",16,9.00939683021853,9.63814074394019
"17",17,10.3531175967048,9.03077510516124
"18",18,9.19205796886713,8.81015431192893
"19",19,12.6958746363895,12.052544710558
"20",20,13.1755755998522,13.0128052701944
"21",21,18.0620277793499,16.0616539621547
"22",22,21.026544490443,17.5934512248166
"23",23,18.8185779602119,17.7428063451079
"24",24,14.8702262675206,14.9530571121761
"25",25,15.3572239714142,13.4168912196529
"26",26,10.5128410749996,9.68478404508846
"27",27,8.71984575984366,8.47235209372226
"28",28,6.98498072476037,5.95959008657475
"29",29,4.47177811149819,5.28813927577556
"30",30,3.7458399616248,4.69700223546892
"31",31,8.62586727177926,6.50546554829091
"32",32,8.29819988460327,7.77405466921863
"33",33,11.0131899998693,10.2883322749608
"34",34,13.0452291597956,9.91303727421621
"35",35,9.6196764227435,6.71754545946657
"36",36,7.80687848235549,3.78272031744352
"37",37,0,0
"38",38,4.48078135245555,3.82153961120384
"39",39,8.67300862866452,7.23103436584283
"40",40,11.2288602893245,10.1453430696059
"41",41,13.7457873126293,13.2507959760914
"42",42,16.285987719952,15.572001091703
"43",43,14.4742811134703,14.978116403607
"44",44,12.1517627951577,12.7872449339175
"45",45,11.5885786511218,10.9125493355128
"46",46,6.54303813689903,7.38014667875917
"47",47,5.12476519456574,5.46893051702067
"48",48,5.24046309911193,4.49722503328441
"49",49,7.53401998971378,6.37581163460778
"50",50,11.2127709494051,9.18480952442673
"51",51,12.9698690697351,9.39474193365629
"52",52,15.5821977826599,13.0327006027147
"53",53,15.0400625010777,12.8864134265512
"54",54,13.2020928809462,12.1088937975358
