"","site","da1"
"1",1,14.4373259989515
"2",2,11.9031006464702
"3",3,11.8915523376891
"4",4,11.7785359871251
"5",5,13.8670442777111
"6",6,13.6633151540905
"7",7,16.5288043729727
"8",8,16.7547727528606
"9",9,16.5279428847029
"10",10,14.3712602787647
"11",11,15.5698511553579
"12",12,13.6105767695568
"13",13,15.2118665192671
"14",14,13.4880653542308
"15",15,13.143033858284
"16",16,9.63814074394019
"17",17,9.03077510516124
"18",18,8.81015431192893
"19",19,12.052544710558
"20",20,13.0128052701944
"21",21,16.0616539621547
"22",22,17.5934512248166
"23",23,17.7428063451079
"24",24,14.9530571121761
"25",25,13.4168912196529
"26",26,9.68478404508846
"27",27,8.47235209372226
"28",28,5.95959008657475
"29",29,5.28813927577556
"30",30,4.69700223546892
"31",31,6.50546554829091
"32",32,7.77405466921863
"33",33,10.2883322749608
"34",34,9.91303727421621
"35",35,6.71754545946657
"36",36,3.78272031744352
"37",37,0
"38",38,3.82153961120384
"39",39,7.23103436584283
"40",40,10.1453430696059
"41",41,13.2507959760914
"42",42,15.572001091703
"43",43,14.978116403607
"44",44,12.7872449339175
"45",45,10.9125493355128
"46",46,7.38014667875917
"47",47,5.46893051702067
"48",48,4.49722503328441
"49",49,6.37581163460778
"50",50,9.18480952442673
"51",51,9.39474193365629
"52",52,13.0327006027147
"53",53,12.8864134265512
"54",54,12.1088937975358
