"","site","da1"
"1",1,0
"2",2,3.87251378306133
"3",3,6.53578870527498
"4",4,10.3157018665721
"5",5,12.3605543969516
"6",6,15.8991268313703
"7",7,18.5257798216431
"8",8,21.5229284717484
"9",9,23.5608397558321
"10",10,21.4669516000759
"11",11,20.1226965638306
"12",12,16.804840433637
"13",13,14.2381608714047
"14",14,10.4533985382745
"15",15,8.589777761968
"16",16,5.52192022760199
"17",17,5.12292357936364
"18",18,5.69766759297171
"19",19,6.5351340460621
"20",20,6.52360713102805
"21",21,8.16196410185685
"22",22,8.5858386311414
"23",23,12.2028987539846
"24",24,15.2218249234446
"25",25,18.2755787596453
"26",26,21.5146415494193
"27",27,25.1735717966283
"28",28,28.3367409029338
"29",29,31.5843631881347
"30",30,33.3637214501021
"31",31,33.4817240595522
"32",32,29.6892712776855
"33",33,26.5222841210933
"34",34,24.0544731183204
"35",35,20.4809019820905
"36",36,17.7046694688153
"37",37,13.9503543682589
"38",38,11.159803044857
"39",39,8.40517382330669
"40",40,9.8766489256225
"41",41,13.083073033504
"42",42,16.2072874041278
"43",43,19.7382274026823
"44",44,21.6550231817008
"45",45,25.4248056433083
"46",46,27.7145055521472
"47",47,28.2276697408766
"48",48,24.7405971835766
"49",49,22.9147640398063
"50",50,19.3014071507753
"51",51,17.0564702972215
"52",52,13.6423906995805
"53",53,11.7402993999301
"54",54,9.61848917450137
"55",55,7.96451354446711
"56",56,5.87161102253887
"57",57,8.40582613429519
"58",58,10.5610994219352
"59",59,11.3825658794491
"60",60,13.8771587149531
