"","site","min.da.CM","min.da.CA"
"1",1,0,0
"2",2,5.00328550773408,3.87251378306133
"3",3,5.13311414220568,6.53578870527498
"4",4,10.0458024146236,10.3157018665721
"5",5,12.064416251186,12.3605543969516
"6",6,14.6688436686957,15.8991268313703
"7",7,18.7974101073358,18.5257798216431
"8",8,20.4843223098982,21.5229284717484
"9",9,23.2023246177592,23.5608397558321
"10",10,19.8954095271675,21.4669516000759
"11",11,20.7862915667741,20.1226965638306
"12",12,16.316126819767,16.804840433637
"13",13,13.9937398912126,14.2381608714047
"14",14,10.7316289494954,10.4533985382745
"15",15,9.38645672110743,8.589777761968
"16",16,7.20643762853141,5.52192022760199
"17",17,5.9652872328589,5.12292357936364
"18",18,8.48271978544252,5.69766759297171
"19",19,6.78267551730094,6.5351340460621
"20",20,5.82059332353109,6.52360713102805
"21",21,6.10542292123043,8.16196410185685
"22",22,5.56546633908158,8.5858386311414
"23",23,11.0518792939984,12.2028987539846
"24",24,14.1561930648872,15.2218249234446
"25",25,16.3148714529252,18.2755787596453
"26",26,19.2709509690656,21.5146415494193
"27",27,22.3361107132898,25.1735717966283
"28",28,28.2949017421559,28.3367409029338
"29",29,29.2651392795157,31.5843631881347
"30",30,32.5812652244427,33.3637214501021
"31",31,32.2019920642193,33.4817240595522
"32",32,27.7230268718567,29.6892712776855
"33",33,23.7905584119725,26.5222841210933
"34",34,22.6449443408374,24.0544731183204
"35",35,18.6039913036924,20.4809019820905
"36",36,15.577434704494,17.7046694688153
"37",37,13.1210330696458,13.9503543682589
"38",38,9.328159886032,11.159803044857
"39",39,7.66539287163286,8.40517382330669
"40",40,8.37189632912233,9.8766489256225
"41",41,11.7614252049452,13.083073033504
"42",42,14.0120411946888,16.2072874041278
"43",43,18.733552436523,19.7382274026823
"44",44,19.5439360552461,21.6550231817008
"45",45,22.656108165171,25.4248056433083
"46",46,26.0641058397595,27.7145055521472
"47",47,25.3869536820871,28.2276697408766
"48",48,22.1188394866469,24.7405971835766
"49",49,19.9109179531493,22.9147640398063
"50",50,16.5217120567357,19.3014071507753
"51",51,14.0353577339663,17.0564702972215
"52",52,11.3530320622276,13.6423906995805
"53",53,8.34132266866072,11.7402993999301
"54",54,7.79920909491767,9.61848917450137
"55",55,6.30728589897155,7.96451354446711
"56",56,4.4289951919739,5.87161102253887
"57",57,7.89928984938154,8.40582613429519
"58",58,8.04785281968503,10.5610994219352
"59",59,8.50541075094036,11.3825658794491
"60",60,13.2355505348688,13.8771587149531
