"","site","da1"
"1",1,0
"2",2,5.00328550773408
"3",3,5.13311414220568
"4",4,10.0458024146236
"5",5,12.064416251186
"6",6,14.6688436686957
"7",7,18.7974101073358
"8",8,20.4843223098982
"9",9,23.2023246177592
"10",10,19.8954095271675
"11",11,20.7862915667741
"12",12,16.316126819767
"13",13,13.9937398912126
"14",14,10.7316289494954
"15",15,9.38645672110743
"16",16,7.20643762853141
"17",17,5.9652872328589
"18",18,8.48271978544252
"19",19,6.78267551730094
"20",20,5.82059332353109
"21",21,6.10542292123043
"22",22,5.56546633908158
"23",23,11.0518792939984
"24",24,14.1561930648872
"25",25,16.3148714529252
"26",26,19.2709509690656
"27",27,22.3361107132898
"28",28,28.2949017421559
"29",29,29.2651392795157
"30",30,32.5812652244427
"31",31,32.2019920642193
"32",32,27.7230268718567
"33",33,23.7905584119725
"34",34,22.6449443408374
"35",35,18.6039913036924
"36",36,15.577434704494
"37",37,13.1210330696458
"38",38,9.328159886032
"39",39,7.66539287163286
"40",40,8.37189632912233
"41",41,11.7614252049452
"42",42,14.0120411946888
"43",43,18.733552436523
"44",44,19.5439360552461
"45",45,22.656108165171
"46",46,26.0641058397595
"47",47,25.3869536820871
"48",48,22.1188394866469
"49",49,19.9109179531493
"50",50,16.5217120567357
"51",51,14.0353577339663
"52",52,11.3530320622276
"53",53,8.34132266866072
"54",54,7.79920909491767
"55",55,6.30728589897155
"56",56,4.4289951919739
"57",57,7.89928984938154
"58",58,8.04785281968503
"59",59,8.50541075094036
"60",60,13.2355505348688
